<?xml version="1.0" encoding="utf-8"?>
<ode><userPreferences><userPreference><key>theme</key><value>base</value></userPreference></userPreferences><odeResources><odeResource><key>odeVersionId</key><value>20251214215156KNSZSG</value></odeResource><odeResource><key>odeId</key><value>20251214202941QMIIIE</value></odeResource><odeResource><key>odeVersionName</key><value>0</value></odeResource><odeResource><key>isDownload</key><value>true</value></odeResource><odeResource><key>eXeVersion</key><value>v3.0.1</value></odeResource></odeResources><odeProperties><odeProperty><key>pp_title</key><value>Proyecto Patricia Rivero</value></odeProperty><odeProperty><key>pp_subtitle</key><value/></odeProperty><odeProperty><key>pp_lang</key><value/></odeProperty><odeProperty><key>pp_author</key><value/></odeProperty><odeProperty><key>license</key><value>creative commons: attribution - share alike 4.0</value></odeProperty><odeProperty><key>pp_description</key><value/></odeProperty><odeProperty><key>exportSource</key><value>true</value></odeProperty><odeProperty><key>pp_addExeLink</key><value>true</value></odeProperty><odeProperty><key>pp_addPagination</key><value>false</value></odeProperty><odeProperty><key>pp_addSearchBox</key><value>false</value></odeProperty><odeProperty><key>pp_addAccessibilityToolbar</key><value>false</value></odeProperty><odeProperty><key>pp_extraHeadContent</key><value/></odeProperty><odeProperty><key>footer</key><value/></odeProperty></odeProperties><odeNavStructures><odeNavStructure><odePageId>20251214215157IFOBAM</odePageId><odeParentPageId/><pageName>CRIMES</pageName><odeNavStructureOrder>1</odeNavStructureOrder><odeNavStructureProperties><odeNavStructureProperty><key>titleNode</key><value>CRIMES</value></odeNavStructureProperty><odeNavStructureProperty><key>hidePageTitle</key><value>false</value></odeNavStructureProperty><odeNavStructureProperty><key>titleHtml</key><value/></odeNavStructureProperty><odeNavStructureProperty><key>editableInPage</key><value>false</value></odeNavStructureProperty><odeNavStructureProperty><key>titlePage</key><value>CRIMES</value></odeNavStructureProperty><odeNavStructureProperty><key>visibility</key><value>true</value></odeNavStructureProperty><odeNavStructureProperty><key>highlight</key><value>false</value></odeNavStructureProperty><odeNavStructureProperty><key>description</key><value/></odeNavStructureProperty></odeNavStructureProperties><odePagStructures><odePagStructure><odePageId>20251214215157IFOBAM</odePageId><odeBlockId>20251214215157YPMRFM</odeBlockId><blockName/><iconName/><odePagStructureOrder>1</odePagStructureOrder><odePagStructureProperties><odePagStructureProperty><key>visibility</key><value>true</value></odePagStructureProperty><odePagStructureProperty><key>teacherOnly</key><value>false</value></odePagStructureProperty><odePagStructureProperty><key>allowToggle</key><value>true</value></odePagStructureProperty><odePagStructureProperty><key>minimized</key><value>false</value></odePagStructureProperty><odePagStructureProperty><key>identifier</key><value/></odePagStructureProperty><odePagStructureProperty><key>cssClass</key><value/></odePagStructureProperty></odePagStructureProperties><odeComponents><odeComponent><odePageId>20251214215157IFOBAM</odePageId><odeBlockId>20251214215157YPMRFM</odeBlockId><odeIdeviceId>20251214155455378R0N</odeIdeviceId><odeIdeviceTypeName>image-gallery</odeIdeviceTypeName><htmlView>&lt;!-- Idevice Example template start --&gt;&lt;div class="exe-image-gallery-template"&gt;&lt;!-- Idevice content start --&gt;
            &lt;div class="imageGallery-IDevice"&gt;
                &lt;div class="imageGallery-body"&gt;&lt;div id="imageContainer_0" class="imageContainer"&gt; &lt;a idevice-id="20251214155455378R0N" title="" href="{{context_path}}/20251214155455378R0N//1crimes.jpg" class="imageLink"&gt;  &lt;div class="imageElement"&gt;   &lt;img src="{{context_path}}/20251214155455378R0N//1crimes_thumb.jpg" height="128" width="128" title="" alt="" titlelink="" author="" authorlink="" license="" licenselink=""/&gt;  &lt;/div&gt; &lt;/a&gt;&lt;/div&gt;
                &lt;/div&gt;
            &lt;/div&gt;&lt;!-- Idevice content end --&gt;&lt;/div&gt;&lt;!-- Idevice Example template end --&gt;</htmlView><jsonProperties>{"ideviceId":"20251214155455378R0N","img_0":{"img":"{{context_path}}/20251214155455378R0N//1crimes.jpg","thumbnail":"{{context_path}}/20251214155455378R0N//1crimes_thumb.jpg","title":"","linktitle":"","author":"","linkauthor":"","license":""}}</jsonProperties><odeComponentsOrder>1</odeComponentsOrder><odeComponentsProperties><odeComponentsProperty><key>visibility</key><value>true</value></odeComponentsProperty><odeComponentsProperty><key>teacherOnly</key><value>false</value></odeComponentsProperty><odeComponentsProperty><key>identifier</key><value/></odeComponentsProperty><odeComponentsProperty><key>cssClass</key><value/></odeComponentsProperty></odeComponentsProperties></odeComponent></odeComponents></odePagStructure><odePagStructure><odePageId>20251214215157IFOBAM</odePageId><odeBlockId>20251214215157PHDEAI</odeBlockId><blockName>CONTENIDO PRINCIPAL</blockName><iconName/><odePagStructureOrder>2</odePagStructureOrder><odePagStructureProperties><odePagStructureProperty><key>visibility</key><value>true</value></odePagStructureProperty><odePagStructureProperty><key>teacherOnly</key><value>false</value></odePagStructureProperty><odePagStructureProperty><key>allowToggle</key><value>true</value></odePagStructureProperty><odePagStructureProperty><key>minimized</key><value>false</value></odePagStructureProperty><odePagStructureProperty><key>identifier</key><value/></odePagStructureProperty><odePagStructureProperty><key>cssClass</key><value/></odePagStructureProperty></odePagStructureProperties><odeComponents><odeComponent><odePageId>20251214215157IFOBAM</odePageId><odeBlockId>20251214215157PHDEAI</odeBlockId><odeIdeviceId>20251214153518185JNA</odeIdeviceId><odeIdeviceTypeName>text</odeIdeviceTypeName><htmlView>&lt;div class="exe-text-template"&gt;&lt;div class="textIdeviceContent"&gt;
            &lt;div class="exe-text-activity"&gt;
                &lt;div&gt;&lt;p&gt;&lt;br&gt;&lt;strong&gt;1. Diferencia entre un delito civil y penal&lt;/strong&gt;&lt;/p&gt;
&lt;p&gt;La ley civil busca compensar a la víctima.&lt;br&gt;La ley penal busca castigar una conducta considerada ofensiva para la sociedad.&lt;br&gt;En los negocios, una acción puede generar responsabilidad civil y penal al mismo tiempo.&lt;/p&gt;
&lt;p&gt;&amp;nbsp;&lt;br&gt;&lt;strong&gt;2. Elementos del delito&lt;/strong&gt;&lt;/p&gt;
&lt;p&gt;Todo delito requiere demostrar dos elementos fundamentales:&lt;/p&gt;
&lt;p&gt;&lt;em&gt;&lt;strong&gt;Actus reus:&lt;/strong&gt;&lt;/em&gt; la conducta prohibida.&lt;br&gt;&lt;em&gt;&lt;strong&gt;Mens rea:&lt;/strong&gt;&lt;/em&gt; la intención, negligencia o conocimiento del acusado.&lt;br&gt;Sin estos elementos, no puede existir responsabilidad penal.&lt;/p&gt;
&lt;p&gt;&amp;nbsp;&lt;br&gt;&lt;strong&gt;3. Delitos comunes en el entorno empresarial&lt;/strong&gt;&lt;br&gt;&lt;/p&gt;
&lt;ul&gt;
&lt;li&gt;Fraude&lt;br&gt;Consiste en engañar con el propósito de obtener un beneficio económico.&lt;br&gt;Ejemplos: falsificación de documentos, estados financieros manipulados.&lt;/li&gt;
&lt;li&gt;Robo&lt;br&gt;Apropiación de bienes ajenos sin consentimiento.&lt;/li&gt;
&lt;li&gt;Apropiación indebida (embezzlement)&lt;br&gt;El delincuente tiene acceso legítimo a los bienes, pero los usa para su beneficio.&lt;/li&gt;
&lt;li&gt;Lavado de dinero&lt;br&gt;Ocultar el origen ilícito de fondos para hacerlos parecer legítimos.&lt;/li&gt;
&lt;li&gt;Cohecho y corrupción&lt;br&gt;Dar, recibir o solicitar beneficios indebidos para influir en decisiones.&lt;/li&gt;
&lt;/ul&gt;
&lt;p&gt;&amp;nbsp;&lt;br&gt;&lt;strong&gt;4. Responsabilidad penal corporativa&lt;/strong&gt;&lt;br&gt;&lt;/p&gt;
&lt;p&gt;Una empresa puede ser penalmente responsable por:&lt;/p&gt;
&lt;ul&gt;
&lt;li&gt;Actos de sus empleados&lt;/li&gt;
&lt;li&gt;Falta de controles internos&lt;/li&gt;
&lt;li&gt;Conductas negligentes de directivos&lt;/li&gt;
&lt;li&gt;Políticas que incentiven comportamientos ilícitos&lt;/li&gt;
&lt;/ul&gt;
&lt;p&gt;Las sanciones pueden incluir: multas, prohibiciones comerciales, pérdida de licencias e incluso la disolución de la empresa.&lt;/p&gt;
&lt;p&gt;&amp;nbsp;&lt;br&gt;&lt;strong&gt;5. Defensas frente a cargos criminales&lt;/strong&gt;&lt;br&gt;&lt;/p&gt;
&lt;p&gt;Algunas defensas pueden incluir:&lt;/p&gt;
&lt;ul&gt;
&lt;li&gt;Ausencia de intención&lt;/li&gt;
&lt;li&gt;Error de hecho&lt;/li&gt;
&lt;li&gt;Coacción&lt;/li&gt;
&lt;li&gt;Falta de evidencia&lt;/li&gt;
&lt;li&gt;Actuación fuera de las funciones del empleado.&lt;/li&gt;
&lt;/ul&gt;
&lt;p&gt;&lt;strong&gt;6. Procedimiento penal&lt;/strong&gt;&lt;/p&gt;
&lt;p&gt;Incluye:&lt;/p&gt;
&lt;ul&gt;
&lt;li&gt;Investigación&lt;/li&gt;
&lt;li&gt;Acusación formal&lt;/li&gt;
&lt;li&gt;Audiencia y juicio&lt;/li&gt;
&lt;li&gt;Veredicto&lt;/li&gt;
&lt;li&gt;Sentencia&amp;nbsp;&lt;/li&gt;
&lt;/ul&gt;
&lt;p&gt;&lt;strong&gt;5.7 Consecuencias legales&lt;/strong&gt;&lt;br&gt;&lt;/p&gt;
&lt;p&gt;Pueden ser:&lt;/p&gt;
&lt;ul&gt;
&lt;li&gt;Multas&lt;/li&gt;
&lt;li&gt;Prisión&lt;/li&gt;
&lt;li&gt;Prohibición de ejercer cargos&lt;/li&gt;
&lt;li&gt;Indemnizaciones&lt;/li&gt;
&lt;li&gt;Afectación reputacional severa&lt;br&gt;&amp;nbsp;&lt;br&gt;&lt;/li&gt;
&lt;/ul&gt;&lt;p class="clearfix"&gt;&lt;/p&gt;&lt;/div&gt;
            &lt;/div&gt;&lt;/div&gt;&lt;/div&gt;</htmlView><jsonProperties>{"ideviceId":"20251214153518185JNA","textInfoDurationInput":"","textInfoDurationTextInput":"Duración","textInfoParticipantsInput":"","textInfoParticipantsTextInput":"Agrupamiento","textTextarea":"&lt;p&gt;&lt;br /&gt;&lt;strong&gt;1. Diferencia entre un delito civil y penal&lt;/strong&gt;&lt;/p&gt;\n&lt;p&gt;La ley civil busca compensar a la víctima.&lt;br /&gt;La ley penal busca castigar una conducta considerada ofensiva para la sociedad.&lt;br /&gt;En los negocios, una acción puede generar responsabilidad civil y penal al mismo tiempo.&lt;/p&gt;\n&lt;p&gt; &lt;br /&gt;&lt;strong&gt;2. Elementos del delito&lt;/strong&gt;&lt;/p&gt;\n&lt;p&gt;Todo delito requiere demostrar dos elementos fundamentales:&lt;/p&gt;\n&lt;p&gt;&lt;em&gt;&lt;strong&gt;Actus reus:&lt;/strong&gt;&lt;/em&gt; la conducta prohibida.&lt;br /&gt;&lt;em&gt;&lt;strong&gt;Mens rea:&lt;/strong&gt;&lt;/em&gt; la intención, negligencia o conocimiento del acusado.&lt;br /&gt;Sin estos elementos, no puede existir responsabilidad penal.&lt;/p&gt;\n&lt;p&gt; &lt;br /&gt;&lt;strong&gt;3. Delitos comunes en el entorno empresarial&lt;/strong&gt;&lt;br /&gt;&lt;/p&gt;\n&lt;ul&gt;\n&lt;li&gt;Fraude&lt;br /&gt;Consiste en engañar con el propósito de obtener un beneficio económico.&lt;br /&gt;Ejemplos: falsificación de documentos, estados financieros manipulados.&lt;/li&gt;\n&lt;li&gt;Robo&lt;br /&gt;Apropiación de bienes ajenos sin consentimiento.&lt;/li&gt;\n&lt;li&gt;Apropiación indebida (embezzlement)&lt;br /&gt;El delincuente tiene acceso legítimo a los bienes, pero los usa para su beneficio.&lt;/li&gt;\n&lt;li&gt;Lavado de dinero&lt;br /&gt;Ocultar el origen ilícito de fondos para hacerlos parecer legítimos.&lt;/li&gt;\n&lt;li&gt;Cohecho y corrupción&lt;br /&gt;Dar, recibir o solicitar beneficios indebidos para influir en decisiones.&lt;/li&gt;\n&lt;/ul&gt;\n&lt;p&gt; &lt;br /&gt;&lt;strong&gt;4. Responsabilidad penal corporativa&lt;/strong&gt;&lt;br /&gt;&lt;/p&gt;\n&lt;p&gt;Una empresa puede ser penalmente responsable por:&lt;/p&gt;\n&lt;ul&gt;\n&lt;li&gt;Actos de sus empleados&lt;/li&gt;\n&lt;li&gt;Falta de controles internos&lt;/li&gt;\n&lt;li&gt;Conductas negligentes de directivos&lt;/li&gt;\n&lt;li&gt;Políticas que incentiven comportamientos ilícitos&lt;/li&gt;\n&lt;/ul&gt;\n&lt;p&gt;Las sanciones pueden incluir: multas, prohibiciones comerciales, pérdida de licencias e incluso la disolución de la empresa.&lt;/p&gt;\n&lt;p&gt; &lt;br /&gt;&lt;strong&gt;5. Defensas frente a cargos criminales&lt;/strong&gt;&lt;br /&gt;&lt;/p&gt;\n&lt;p&gt;Algunas defensas pueden incluir:&lt;/p&gt;\n&lt;ul&gt;\n&lt;li&gt;Ausencia de intención&lt;/li&gt;\n&lt;li&gt;Error de hecho&lt;/li&gt;\n&lt;li&gt;Coacción&lt;/li&gt;\n&lt;li&gt;Falta de evidencia&lt;/li&gt;\n&lt;li&gt;Actuación fuera de las funciones del empleado.&lt;/li&gt;\n&lt;/ul&gt;\n&lt;p&gt;&lt;strong&gt;6. Procedimiento penal&lt;/strong&gt;&lt;/p&gt;\n&lt;p&gt;Incluye:&lt;/p&gt;\n&lt;ul&gt;\n&lt;li&gt;Investigación&lt;/li&gt;\n&lt;li&gt;Acusación formal&lt;/li&gt;\n&lt;li&gt;Audiencia y juicio&lt;/li&gt;\n&lt;li&gt;Veredicto&lt;/li&gt;\n&lt;li&gt;Sentencia &lt;/li&gt;\n&lt;/ul&gt;\n&lt;p&gt;&lt;strong&gt;5.7 Consecuencias legales&lt;/strong&gt;&lt;br /&gt;&lt;/p&gt;\n&lt;p&gt;Pueden ser:&lt;/p&gt;\n&lt;ul&gt;\n&lt;li&gt;Multas&lt;/li&gt;\n&lt;li&gt;Prisión&lt;/li&gt;\n&lt;li&gt;Prohibición de ejercer cargos&lt;/li&gt;\n&lt;li&gt;Indemnizaciones&lt;/li&gt;\n&lt;li&gt;Afectación reputacional severa&lt;br /&gt; &lt;br /&gt;&lt;/li&gt;\n&lt;/ul&gt;","textFeedbackInput":"Mostrar retroalimentación","textFeedbackTextarea":""}</jsonProperties><odeComponentsOrder>1</odeComponentsOrder><odeComponentsProperties><odeComponentsProperty><key>visibility</key><value>true</value></odeComponentsProperty><odeComponentsProperty><key>teacherOnly</key><value>false</value></odeComponentsProperty><odeComponentsProperty><key>identifier</key><value/></odeComponentsProperty><odeComponentsProperty><key>cssClass</key><value/></odeComponentsProperty></odeComponentsProperties></odeComponent></odeComponents></odePagStructure><odePagStructure><odePageId>20251214215157IFOBAM</odePageId><odeBlockId>20251214215157IVOLSW</odeBlockId><blockName>Caso práctico</blockName><iconName/><odePagStructureOrder>3</odePagStructureOrder><odePagStructureProperties><odePagStructureProperty><key>visibility</key><value>true</value></odePagStructureProperty><odePagStructureProperty><key>teacherOnly</key><value>false</value></odePagStructureProperty><odePagStructureProperty><key>allowToggle</key><value>true</value></odePagStructureProperty><odePagStructureProperty><key>minimized</key><value>false</value></odePagStructureProperty><odePagStructureProperty><key>identifier</key><value/></odePagStructureProperty><odePagStructureProperty><key>cssClass</key><value/></odePagStructureProperty></odePagStructureProperties><odeComponents><odeComponent><odePageId>20251214215157IFOBAM</odePageId><odeBlockId>20251214215157IVOLSW</odeBlockId><odeIdeviceId>202512141557404241K7</odeIdeviceId><odeIdeviceTypeName>text</odeIdeviceTypeName><htmlView>&lt;div class="exe-text-template"&gt;&lt;div class="textIdeviceContent"&gt;
            &lt;div class="exe-text-activity"&gt;
                &lt;div&gt;&lt;p style="text-align: center;"&gt;&lt;strong&gt;Fraude en empresa de seguros forenses&lt;/strong&gt;&lt;/p&gt;
&lt;p style="text-align: center;"&gt;&lt;br&gt;Contexto del caso&lt;br&gt;Una empresa de seguros forenses detecta que un supervisor de área alteró sistemáticamente los reportes de siniestros durante 18 meses para aumentar artificialmente sus comisiones. Las alteraciones incluían:&lt;br&gt;Inflación de montos de indemnizaciones&lt;br&gt;Creación de expedientes ficticios&lt;br&gt;Modificación de documentos probatorios&lt;br&gt;Coordinación con ajustadores externos para validar información falsa&lt;br&gt;El fraude asciende a aproximadamente $450,000 USD. La empresa enfrenta ahora una investigación penal por fraude corporativo, y las autoridades están evaluando la posible responsabilidad de directivos y la estructura de control interno de la organización.&lt;/p&gt;
&lt;p style="text-align: justify;"&gt;&lt;strong&gt;Preguntas para reflexionar&lt;/strong&gt;&lt;br&gt;&lt;br&gt;1. ¿Quiénes pueden considerarse responsables?&lt;br&gt;2. ¿La empresa debió prevenirlo con controles internos?&lt;br&gt;3. ¿Qué delito se configura?&lt;/p&gt;
&lt;p style="text-align: center;"&gt;&lt;/p&gt;&lt;p class="clearfix"&gt;&lt;/p&gt;&lt;/div&gt;
            &lt;/div&gt;&lt;/div&gt;&lt;/div&gt;</htmlView><jsonProperties>{"ideviceId":"202512141557404241K7","textInfoDurationInput":"","textInfoDurationTextInput":"Duración","textInfoParticipantsInput":"","textInfoParticipantsTextInput":"Agrupamiento","textTextarea":"&lt;p style=\"text-align: center;\"&gt;&lt;strong&gt;Fraude en empresa de seguros forenses&lt;/strong&gt;&lt;/p&gt;\n&lt;p style=\"text-align: center;\"&gt;&lt;br /&gt;Contexto del caso&lt;br /&gt;Una empresa de seguros forenses detecta que un supervisor de área alteró sistemáticamente los reportes de siniestros durante 18 meses para aumentar artificialmente sus comisiones. Las alteraciones incluían:&lt;br /&gt;Inflación de montos de indemnizaciones&lt;br /&gt;Creación de expedientes ficticios&lt;br /&gt;Modificación de documentos probatorios&lt;br /&gt;Coordinación con ajustadores externos para validar información falsa&lt;br /&gt;El fraude asciende a aproximadamente $450,000 USD. La empresa enfrenta ahora una investigación penal por fraude corporativo, y las autoridades están evaluando la posible responsabilidad de directivos y la estructura de control interno de la organización.&lt;/p&gt;\n&lt;p style=\"text-align: justify;\"&gt;&lt;strong&gt;Preguntas para reflexionar&lt;/strong&gt;&lt;br /&gt;&lt;br /&gt;1. ¿Quiénes pueden considerarse responsables?&lt;br /&gt;2. ¿La empresa debió prevenirlo con controles internos?&lt;br /&gt;3. ¿Qué delito se configura?&lt;/p&gt;\n&lt;p style=\"text-align: center;\"&gt;&lt;/p&gt;","textFeedbackInput":"Mostrar retroalimentación","textFeedbackTextarea":""}</jsonProperties><odeComponentsOrder>1</odeComponentsOrder><odeComponentsProperties><odeComponentsProperty><key>visibility</key><value>true</value></odeComponentsProperty><odeComponentsProperty><key>teacherOnly</key><value>false</value></odeComponentsProperty><odeComponentsProperty><key>identifier</key><value/></odeComponentsProperty><odeComponentsProperty><key>cssClass</key><value/></odeComponentsProperty></odeComponentsProperties></odeComponent></odeComponents></odePagStructure><odePagStructure><odePageId>20251214215157IFOBAM</odePageId><odeBlockId>20251214215157GLOVKE</odeBlockId><blockName>ACTIVIDADES INTERACTIVAS</blockName><iconName/><odePagStructureOrder>4</odePagStructureOrder><odePagStructureProperties><odePagStructureProperty><key>visibility</key><value>true</value></odePagStructureProperty><odePagStructureProperty><key>teacherOnly</key><value>false</value></odePagStructureProperty><odePagStructureProperty><key>allowToggle</key><value>true</value></odePagStructureProperty><odePagStructureProperty><key>minimized</key><value>false</value></odePagStructureProperty><odePagStructureProperty><key>identifier</key><value/></odePagStructureProperty><odePagStructureProperty><key>cssClass</key><value/></odePagStructureProperty></odePagStructureProperties><odeComponents><odeComponent><odePageId>20251214215157IFOBAM</odePageId><odeBlockId>20251214215157GLOVKE</odeBlockId><odeIdeviceId>20251214160225186SR1</odeIdeviceId><odeIdeviceTypeName>form</odeIdeviceTypeName><htmlView>&lt;div class="exe-form-container"&gt;&lt;div class="game-evaluation-ids js-hidden" data-id="20251214160225186SR1" data-evaluationb="false" data-evaluationid="20251214202941QMIIIE"&gt;&lt;/div&gt;
            &lt;div id="frmMainContainer-20251214160225186SR1" class="form-IDevice" data-id="20251214160225186SR1"&gt;
                &lt;div class="form-Data js-hidden"&gt;{}&lt;/div&gt;
                &lt;div class="form-instructions"&gt;&lt;p&gt;Selección múltiple&lt;/p&gt;&lt;/div&gt;
                &lt;div class="FRMP-GameScoreBoard" style="display:none;"&gt;
                    &lt;div&gt;
                        &lt;strong&gt;&lt;span class="sr-av"&gt;Tiempo por pregunta:&lt;/span&gt;&lt;/strong&gt;
                        &lt;span id="frmPTime-20251214160225186SR1"&gt;00:00&lt;/span&gt;
                    &lt;/div&gt;
                &lt;/div&gt;
                &lt;div class="FRMP-StartGame" id="frmStartGameDiv-20251214160225186SR1" style="display:none;"&gt;
                      &lt;button  id="frmStartGame-20251214160225186SR1" type="button" class="btn btn-primary"&gt;Pulse aquí para empezar&lt;/button&gt;
                &lt;/div&gt;
                &lt;div class="form-body" id="frmBody-20251214160225186SR1" style="display:block;"&gt;
                    &lt;div class="FRMP-Questions"&gt;
                        &lt;div id="form-questions-20251214160225186SR1" &gt; &lt;/div&gt;
                        &lt;div id="frmCover-20251214160225186SR1" class="FRMP-Cover"&gt; &lt;/div&gt;
                    &lt;/div&gt;
                    &lt;div id="resultsContainer-20251214160225186SR1" class="form-results-container inline"&gt;
                        &lt;div id="form-score-20251214160225186SR1" class="score-text"&gt;Puntuación.&lt;/div&gt;
                        &lt;div id="form-result-test-20251214160225186SR1" class="score-text phrase-score"&gt;&lt;/div&gt;
                    &lt;/div&gt;
                    &lt;div class="form-buttons-container inline"&gt;
                        &lt;input id="form-button-check-20251214160225186SR1" class="btn btn-primary" type="button" value="Comprobar"
                            data-id="20251214160225186SR1" data-pass-rate="" /&gt;
                        &lt;input id="form-button-reset-20251214160225186SR1" type="button" value="Reiniciar"
                            data-id="20251214160225186SR1" class="btn btn-primary"  style="display:none" /&gt;
                        &lt;input id="form-button-show-answers-20251214160225186SR1" class="btn btn-primary" type="button" value="Mostrar respuestas"
                            data-id="20251214160225186SR1" style="display: " /&gt;

                    &lt;/div&gt;
                &lt;/div&gt;
                &lt;div class="Games-BottonContainer"&gt;
                    &lt;div class="Games-GetScore"&gt;
                        &lt;input id="frmPSendScore-20251214160225186SR1" type="button" value="Guardar la puntuación" class="feedbackbutton Games-SendScore" style="display:none"/&gt; &lt;span class="Games-RepeatActivity"&gt;&lt;/span&gt;
                    &lt;/div&gt;
                &lt;/div&gt;
                &lt;div class="form-instructions"&gt;&lt;/div&gt;
            &lt;/div&gt;
            &lt;div class="questionsMedia" style="display:none"&gt;&lt;/div&gt;
            &lt;/div&gt;</htmlView><jsonProperties>{"ideviceId":"20251214160225186SR1","evaluation":false,"evaluationID":"20251214202941QMIIIE","repeatActivity":true,"isScorm":0,"textButtonScorm":"Guardar la puntuación","weighted":100,"msgs":{"msgScoreScorm":"La puntuación no se puede guardar porque esta página no forma parte  de un paquete SCORM.","msgYouScore":"Tu puntuación es","msgScore":"Puntuación","msgWeight":"Peso","msgYouLastScore":"La última puntuación guardada es","msgOnlySaveScore":"¡Solo puede guardar la puntuación una vez!","msgOnlySave":"Solo puede guardar una vez","msgOnlySaveAuto":"Su puntuación se guardará después de cada pregunta. Solo puede jugar una vez.","msgSaveAuto":"Su puntuación se guardará automáticamente después de cada pregunta.","msgSeveralScore":"Puede guardar la puntuación tantas veces como quiera","msgPlaySeveralTimes":"Puede realizar esta actividad cuantas veces quiera","msgActityComply":"Ya ha realizado esta actividad.","msgUncompletedActivity":"Actividad no completada","msgSuccessfulActivity":"Actividad superada. Puntuación: %s","msgUnsuccessfulActivity":"Actividad no superada. Puntuación: %s","msgTypeGame":"Formulario","msgStartGame":"Pulse aquí para empezar","msgTime":"Tiempo por pregunta","msgSaveScore":"Guardar la puntuación","msgResult":"Resultado","msgCheck":"Comprobar","msgReset":"Reiniciar","msgShowAnswers":"Mostrar respuestas","msgTestResultPass":"¡Felicidades! Has pasado la prueba","msgTestResultNotPass":"Lo siento. Has fallado la prueba","msgTrueFalseHelp":"Di si la afirmación es verdadera o falsa","msgDropdownHelp":"Elige la respuesta correcta entre las opciones propuestas","msgFillHelp":"Rellena los espacios en blanco con la palabra apropiada","msgSingleSelectionHelp":"Opción múltiple con solo una respuesta correcta","msgMultipleSelectionHelp":"Opción múltiple con varias respuestas correctas","msgPlayStart":"Pulse aquí para empezar","msgTrue":"Verdadero","msgFalse":"Falso","msgNext":"Siguiente","msgPrevious":"Anterior","msgSuggestion":"Sugerencia"},"id":"20251214160225186SR1","questionsRandom":false,"percentageQuestions":"100","time":"0","eXeFormInstructions":"&lt;p&gt;Selección múltiple&lt;/p&gt;","questionsData":[{"id":"1765746360417-3DF8G","activityType":"selection","baseText":"&lt;p&gt;&lt;strong&gt;¿Cuál de los siguientes es un elemento esencial de un delito?&lt;/strong&gt;&lt;br /&gt;&lt;/p&gt;","feedbackRight":"Excelente.","feedbackWrong":"Intenta de nuevo","suggestion":"","wrongAnswersValue":"","selectionType":"single","answers":[[false,"A) Beneficio económico\n\n"],[true,"B) Actus reus\n"],[false,"C) Acuerdo verbal\n"],[false,"D) Perjuicio emocional\n"]],"answer":"1","capitalization":false,"strict":false,"order":0,"customScore":1,"time":0},{"id":"1765746472922-IPO2X","activityType":"true-false","baseText":"&lt;p&gt;&lt;strong&gt;Un empleado que comete un delito dentro de la empresa nunca genera responsabilidad corporativa.&lt;/strong&gt;&lt;br /&gt;&lt;br /&gt;&lt;/p&gt;","feedbackRight":"Las empresas pueden ser penalmente responsables por actos de sus empleados.","feedbackWrong":"","suggestion":"","wrongAnswersValue":"","selectionType":"single","answers":[],"answer":"0","capitalization":false,"strict":false,"order":0,"customScore":1,"time":0}],"passRate":5,"addBtnAnswers":true,"eXeIdeviceTextAfter":"","showSlider":false}</jsonProperties><odeComponentsOrder>1</odeComponentsOrder><odeComponentsProperties><odeComponentsProperty><key>visibility</key><value>true</value></odeComponentsProperty><odeComponentsProperty><key>teacherOnly</key><value>false</value></odeComponentsProperty><odeComponentsProperty><key>identifier</key><value/></odeComponentsProperty><odeComponentsProperty><key>cssClass</key><value/></odeComponentsProperty></odeComponentsProperties></odeComponent></odeComponents></odePagStructure><odePagStructure><odePageId>20251214215157IFOBAM</odePageId><odeBlockId>20251214215157WDVHGM</odeBlockId><blockName>EVALUACIÓN FINAL</blockName><iconName/><odePagStructureOrder>5</odePagStructureOrder><odePagStructureProperties><odePagStructureProperty><key>visibility</key><value>true</value></odePagStructureProperty><odePagStructureProperty><key>teacherOnly</key><value>false</value></odePagStructureProperty><odePagStructureProperty><key>allowToggle</key><value>true</value></odePagStructureProperty><odePagStructureProperty><key>minimized</key><value>false</value></odePagStructureProperty><odePagStructureProperty><key>identifier</key><value/></odePagStructureProperty><odePagStructureProperty><key>cssClass</key><value/></odePagStructureProperty></odePagStructureProperties><odeComponents><odeComponent><odePageId>20251214215157IFOBAM</odePageId><odeBlockId>20251214215157WDVHGM</odeBlockId><odeIdeviceId>20251214161116518R1X</odeIdeviceId><odeIdeviceTypeName>text</odeIdeviceTypeName><htmlView>&lt;div class="exe-text-template"&gt;&lt;div class="textIdeviceContent"&gt;
            &lt;div class="exe-text-activity"&gt;
                &lt;div&gt;&lt;p&gt;A continuación enumeradas las preguntas correspondientes a la actividad:&amp;nbsp;&lt;/p&gt;
&lt;p&gt;1. ¿Qué elemento del delito se refiere a la intención?&lt;br&gt;2. Menciona un ejemplo de fraude corporativo.&lt;br&gt;3. ¿Qué delito consiste en usar bienes confiados?&lt;br&gt;4. ¿Qué busca la ley penal?&lt;br&gt;5. ¿Qué es lavado de dinero?&lt;br&gt;6. ¿Puede una empresa ser responsable penalmente?&lt;br&gt;7. ¿Qué defensa aplica cuando alguien actúa bajo amenaza?&lt;br&gt;8. ¿Qué sucede si no existe mens rea?&lt;br&gt;9. Consecuencias de un delito corporativo.&lt;br&gt;10. Explica un caso real o hipotético de crimen en una empresa.&lt;/p&gt;
&lt;p&gt;El cuestionario debe ser enviado al correo &lt;a href="mailto:homeworkcrimes@gamail.com"&gt;homeworkcrimes@gamail.com&lt;/a&gt;&amp;nbsp;&lt;/p&gt;&lt;p class="clearfix"&gt;&lt;/p&gt;&lt;/div&gt;
            &lt;/div&gt;&lt;/div&gt;&lt;/div&gt;</htmlView><jsonProperties>{"ideviceId":"20251214161116518R1X","textInfoDurationInput":"","textInfoDurationTextInput":"Duración","textInfoParticipantsInput":"","textInfoParticipantsTextInput":"Agrupamiento","textTextarea":"&lt;p&gt;A continuación enumeradas las preguntas correspondientes a la actividad: &lt;/p&gt;\n&lt;p&gt;1. ¿Qué elemento del delito se refiere a la intención?&lt;br /&gt;2. Menciona un ejemplo de fraude corporativo.&lt;br /&gt;3. ¿Qué delito consiste en usar bienes confiados?&lt;br /&gt;4. ¿Qué busca la ley penal?&lt;br /&gt;5. ¿Qué es lavado de dinero?&lt;br /&gt;6. ¿Puede una empresa ser responsable penalmente?&lt;br /&gt;7. ¿Qué defensa aplica cuando alguien actúa bajo amenaza?&lt;br /&gt;8. ¿Qué sucede si no existe mens rea?&lt;br /&gt;9. Consecuencias de un delito corporativo.&lt;br /&gt;10. Explica un caso real o hipotético de crimen en una empresa.&lt;/p&gt;\n&lt;p&gt;El cuestionario debe ser enviado al correo &lt;a href=\"mailto:homeworkcrimes@gamail.com\"&gt;homeworkcrimes@gamail.com&lt;/a&gt; &lt;/p&gt;","textFeedbackInput":"Mostrar retroalimentación","textFeedbackTextarea":""}</jsonProperties><odeComponentsOrder>1</odeComponentsOrder><odeComponentsProperties><odeComponentsProperty><key>visibility</key><value>true</value></odeComponentsProperty><odeComponentsProperty><key>teacherOnly</key><value>false</value></odeComponentsProperty><odeComponentsProperty><key>identifier</key><value/></odeComponentsProperty><odeComponentsProperty><key>cssClass</key><value/></odeComponentsProperty></odeComponentsProperties></odeComponent></odeComponents></odePagStructure></odePagStructures></odeNavStructure><odeNavStructure><odePageId>20251214215157NVAPFO</odePageId><odeParentPageId>20251214215157IFOBAM</odeParentPageId><pageName>CIERRE</pageName><odeNavStructureOrder>1</odeNavStructureOrder><odeNavStructureProperties><odeNavStructureProperty><key>titleNode</key><value/></odeNavStructureProperty><odeNavStructureProperty><key>hidePageTitle</key><value>false</value></odeNavStructureProperty><odeNavStructureProperty><key>titleHtml</key><value/></odeNavStructureProperty><odeNavStructureProperty><key>editableInPage</key><value>false</value></odeNavStructureProperty><odeNavStructureProperty><key>titlePage</key><value>CIERRE</value></odeNavStructureProperty><odeNavStructureProperty><key>visibility</key><value>true</value></odeNavStructureProperty><odeNavStructureProperty><key>highlight</key><value>false</value></odeNavStructureProperty><odeNavStructureProperty><key>description</key><value/></odeNavStructureProperty></odeNavStructureProperties><odePagStructures><odePagStructure><odePageId>20251214215157NVAPFO</odePageId><odeBlockId>20251214215157XUYBJO</odeBlockId><blockName>CONCLUSIÓN</blockName><iconName/><odePagStructureOrder>1</odePagStructureOrder><odePagStructureProperties><odePagStructureProperty><key>visibility</key><value>true</value></odePagStructureProperty><odePagStructureProperty><key>teacherOnly</key><value>false</value></odePagStructureProperty><odePagStructureProperty><key>allowToggle</key><value>true</value></odePagStructureProperty><odePagStructureProperty><key>minimized</key><value>false</value></odePagStructureProperty><odePagStructureProperty><key>identifier</key><value/></odePagStructureProperty><odePagStructureProperty><key>cssClass</key><value/></odePagStructureProperty></odePagStructureProperties><odeComponents><odeComponent><odePageId>20251214215157NVAPFO</odePageId><odeBlockId>20251214215157XUYBJO</odeBlockId><odeIdeviceId>20251214162118094R6R</odeIdeviceId><odeIdeviceTypeName>text</odeIdeviceTypeName><htmlView>&lt;div class="exe-text-template"&gt;&lt;div class="textIdeviceContent"&gt;
            &lt;div class="exe-text-activity"&gt;
                &lt;div&gt;&lt;p&gt;Los delitos empresariales pueden tener profundas consecuencias legales, económicas y reputacionales. Conocer cómo se configuran y cómo prevenirlos permite fortalecer la ética, los controles internos y la cultura organizacional.&lt;/p&gt;
&lt;p&gt;Consecuencias multidimensionales de los delitos empresariales&lt;/p&gt;
&lt;p&gt;&lt;strong&gt;1. Consecuencias legales&lt;/strong&gt;&lt;br&gt;Responsabilidad penal individual: Prisión, multas e inhabilitación para directivos y empleados involucrados&lt;br&gt;Responsabilidad corporativa: Sanciones económicas, disolución forzosa en casos extremos, intervención judicial&lt;br&gt;Pérdida de licencias y autorizaciones: Incapacidad para operar en ciertos sectores regulados&lt;br&gt;Litigios civiles: Demandas de accionistas, clientes, proveedores y terceros afectados&lt;br&gt;Investigaciones simultáneas: Fiscales, regulatorias, tributarias y administrativas.&lt;/p&gt;
&lt;p&gt;&lt;br&gt;&lt;strong&gt;2. Consecuencias económicas&lt;/strong&gt;&lt;br&gt;Costos directos: Multas millonarias, restituciones, honorarios legales y de consultoría forense&lt;br&gt;Pérdida de valor bursátil: Desplome en el precio de acciones y capitalización de mercado&lt;br&gt;Incremento en costos operativos: Seguros más caros, tasas de interés elevadas, dificultad para financiamiento&lt;br&gt;Pérdida de contratos: Clientes corporativos y gubernamentales cancelan relaciones comerciales&lt;br&gt;Impacto en cadena de suministro: Proveedores exigen condiciones más estrictas o terminan vínculos.&lt;/p&gt;
&lt;p&gt;&lt;br&gt;&lt;strong&gt;3. Consecuencias reputacionales&lt;/strong&gt;&lt;br&gt;Erosión de confianza: Clientes, inversores, empleados y comunidad pierden fe en la organización&lt;br&gt;Cobertura mediática negativa: Exposición prolongada que daña la marca permanentemente&lt;br&gt;Dificultad para atraer talento: Los mejores profesionales evitan asociarse con empresas cuestionadas&lt;br&gt;Pérdida de posicionamiento competitivo: Competidores aprovechan la crisis para captar mercado&lt;br&gt;Daño a largo plazo: La reputación puede tardar décadas en recuperarse o nunca hacerlo completamente.&lt;/p&gt;
&lt;p&gt;&lt;br&gt;&lt;strong&gt;4. Consecuencias organizacionales internas&lt;/strong&gt;&lt;br&gt;Crisis de liderazgo: Renuncia o destitución de altos ejecutivos, vacío de autoridad&lt;br&gt;Deterioro del clima laboral: Incertidumbre, miedo, desmotivación entre empleados honestos&lt;br&gt;Fuga de talento clave: Profesionales valiosos buscan oportunidades en otras empresas&lt;br&gt;Parálisis operativa: Recursos dedicados a la crisis en lugar de operaciones normales&lt;br&gt;Fragmentación cultural: Pérdida de cohesión y valores compartidos.&lt;/p&gt;
&lt;p style="text-align: justify;"&gt;&lt;strong&gt;Elementos clave para la prevención&lt;/strong&gt;&lt;br&gt;&lt;/p&gt;
&lt;p style="text-align: justify;"&gt;La prevención de delitos corporativos no depende únicamente de políticas aisladas, sino de una arquitectura organizacional que respira integridad en cada una de sus capas. Todo comienza con una ética corporativa sólida, donde los líderes actúan como ejemplos vivos de los valores que promueven y establecen un "tone at the top" que marca la diferencia entre una cultura auténticamente ética y una que solo lo es en apariencia. Un código de ética actualizado, comprendido y aplicado por todos, se convierte en la columna vertebral de las decisiones diarias, mientras que la capacitación continua permite que cada colaborador desarrolle criterio, sensibilidad ética y capacidad de respuesta ante dilemas reales. Los canales de denuncia fortalecen este ecosistema, siempre que garanticen anonimato, protección y un proceso transparente que demuestre a los empleados que su voz tiene peso y consecuencias reales.&lt;/p&gt;
&lt;p style="text-align: justify;"&gt;Paralelamente, los controles internos proporcionan la estructura técnica que evita que los riesgos se concreten. La segregación de funciones, los sistemas escalonados de autorización, las auditorías independientes y el monitoreo tecnológico forman una red de protección que reduce oportunidades de fraude y mejora la trazabilidad de los procesos. La evaluación constante de terceros, desde proveedores hasta socios comerciales, asegura que la integridad no se pierda en ninguna parte de la cadena. Sin embargo, ninguna medida resulta efectiva si la organización no cultiva un ambiente donde la integridad sea parte natural del día a día, donde la comunicación sea abierta, los líderes accesibles y cada persona comprenda que la responsabilidad ética es individual y colectiva. La transparencia hacia el exterior, basada en reportes honestos y en la admisión de errores, termina de consolidar la confianza con reguladores, clientes e inversionistas.&lt;/p&gt;
&lt;p style="text-align: justify;"&gt;Cuando todas estas prácticas se integran de manera coherente, los beneficios se extienden más allá de la prevención del delito: se reducen pérdidas económicas, se optimizan procesos, se fortalecen relaciones comerciales y se construye una reputación sólida que atrae talento, inversión y oportunidades. La verdadera prevención no solo protege a la empresa, sino que la transforma en una organización resiliente, competitiva y capaz de sostener un legado ético que perdure en el tiempo.&lt;/p&gt;&lt;p class="clearfix"&gt;&lt;/p&gt;&lt;/div&gt;
            &lt;/div&gt;&lt;/div&gt;&lt;/div&gt;</htmlView><jsonProperties>{"ideviceId":"20251214162118094R6R","textInfoDurationInput":"","textInfoDurationTextInput":"Duración","textInfoParticipantsInput":"","textInfoParticipantsTextInput":"Agrupamiento","textTextarea":"&lt;p&gt;Los delitos empresariales pueden tener profundas consecuencias legales, económicas y reputacionales. Conocer cómo se configuran y cómo prevenirlos permite fortalecer la ética, los controles internos y la cultura organizacional.&lt;/p&gt;\n&lt;p&gt;Consecuencias multidimensionales de los delitos empresariales&lt;/p&gt;\n&lt;p&gt;&lt;strong&gt;1. Consecuencias legales&lt;/strong&gt;&lt;br /&gt;Responsabilidad penal individual: Prisión, multas e inhabilitación para directivos y empleados involucrados&lt;br /&gt;Responsabilidad corporativa: Sanciones económicas, disolución forzosa en casos extremos, intervención judicial&lt;br /&gt;Pérdida de licencias y autorizaciones: Incapacidad para operar en ciertos sectores regulados&lt;br /&gt;Litigios civiles: Demandas de accionistas, clientes, proveedores y terceros afectados&lt;br /&gt;Investigaciones simultáneas: Fiscales, regulatorias, tributarias y administrativas.&lt;/p&gt;\n&lt;p&gt;&lt;br /&gt;&lt;strong&gt;2. Consecuencias económicas&lt;/strong&gt;&lt;br /&gt;Costos directos: Multas millonarias, restituciones, honorarios legales y de consultoría forense&lt;br /&gt;Pérdida de valor bursátil: Desplome en el precio de acciones y capitalización de mercado&lt;br /&gt;Incremento en costos operativos: Seguros más caros, tasas de interés elevadas, dificultad para financiamiento&lt;br /&gt;Pérdida de contratos: Clientes corporativos y gubernamentales cancelan relaciones comerciales&lt;br /&gt;Impacto en cadena de suministro: Proveedores exigen condiciones más estrictas o terminan vínculos.&lt;/p&gt;\n&lt;p&gt;&lt;br /&gt;&lt;strong&gt;3. Consecuencias reputacionales&lt;/strong&gt;&lt;br /&gt;Erosión de confianza: Clientes, inversores, empleados y comunidad pierden fe en la organización&lt;br /&gt;Cobertura mediática negativa: Exposición prolongada que daña la marca permanentemente&lt;br /&gt;Dificultad para atraer talento: Los mejores profesionales evitan asociarse con empresas cuestionadas&lt;br /&gt;Pérdida de posicionamiento competitivo: Competidores aprovechan la crisis para captar mercado&lt;br /&gt;Daño a largo plazo: La reputación puede tardar décadas en recuperarse o nunca hacerlo completamente.&lt;/p&gt;\n&lt;p&gt;&lt;br /&gt;&lt;strong&gt;4. Consecuencias organizacionales internas&lt;/strong&gt;&lt;br /&gt;Crisis de liderazgo: Renuncia o destitución de altos ejecutivos, vacío de autoridad&lt;br /&gt;Deterioro del clima laboral: Incertidumbre, miedo, desmotivación entre empleados honestos&lt;br /&gt;Fuga de talento clave: Profesionales valiosos buscan oportunidades en otras empresas&lt;br /&gt;Parálisis operativa: Recursos dedicados a la crisis en lugar de operaciones normales&lt;br /&gt;Fragmentación cultural: Pérdida de cohesión y valores compartidos.&lt;/p&gt;\n&lt;p style=\"text-align: justify;\"&gt;&lt;strong&gt;Elementos clave para la prevención&lt;/strong&gt;&lt;br /&gt;&lt;/p&gt;\n&lt;p style=\"text-align: justify;\"&gt;La prevención de delitos corporativos no depende únicamente de políticas aisladas, sino de una arquitectura organizacional que respira integridad en cada una de sus capas. Todo comienza con una ética corporativa sólida, donde los líderes actúan como ejemplos vivos de los valores que promueven y establecen un \"tone at the top\" que marca la diferencia entre una cultura auténticamente ética y una que solo lo es en apariencia. Un código de ética actualizado, comprendido y aplicado por todos, se convierte en la columna vertebral de las decisiones diarias, mientras que la capacitación continua permite que cada colaborador desarrolle criterio, sensibilidad ética y capacidad de respuesta ante dilemas reales. Los canales de denuncia fortalecen este ecosistema, siempre que garanticen anonimato, protección y un proceso transparente que demuestre a los empleados que su voz tiene peso y consecuencias reales.&lt;/p&gt;\n&lt;p style=\"text-align: justify;\"&gt;Paralelamente, los controles internos proporcionan la estructura técnica que evita que los riesgos se concreten. La segregación de funciones, los sistemas escalonados de autorización, las auditorías independientes y el monitoreo tecnológico forman una red de protección que reduce oportunidades de fraude y mejora la trazabilidad de los procesos. La evaluación constante de terceros, desde proveedores hasta socios comerciales, asegura que la integridad no se pierda en ninguna parte de la cadena. Sin embargo, ninguna medida resulta efectiva si la organización no cultiva un ambiente donde la integridad sea parte natural del día a día, donde la comunicación sea abierta, los líderes accesibles y cada persona comprenda que la responsabilidad ética es individual y colectiva. La transparencia hacia el exterior, basada en reportes honestos y en la admisión de errores, termina de consolidar la confianza con reguladores, clientes e inversionistas.&lt;/p&gt;\n&lt;p style=\"text-align: justify;\"&gt;Cuando todas estas prácticas se integran de manera coherente, los beneficios se extienden más allá de la prevención del delito: se reducen pérdidas económicas, se optimizan procesos, se fortalecen relaciones comerciales y se construye una reputación sólida que atrae talento, inversión y oportunidades. La verdadera prevención no solo protege a la empresa, sino que la transforma en una organización resiliente, competitiva y capaz de sostener un legado ético que perdure en el tiempo.&lt;/p&gt;","textFeedbackInput":"Mostrar retroalimentación","textFeedbackTextarea":""}</jsonProperties><odeComponentsOrder>1</odeComponentsOrder><odeComponentsProperties><odeComponentsProperty><key>visibility</key><value>true</value></odeComponentsProperty><odeComponentsProperty><key>teacherOnly</key><value>false</value></odeComponentsProperty><odeComponentsProperty><key>identifier</key><value/></odeComponentsProperty><odeComponentsProperty><key>cssClass</key><value/></odeComponentsProperty></odeComponentsProperties></odeComponent></odeComponents></odePagStructure></odePagStructures></odeNavStructure><odeNavStructure><odePageId>20251214215157UXYUPA</odePageId><odeParentPageId>20251214215157NVAPFO</odeParentPageId><pageName>Llamado a la acción</pageName><odeNavStructureOrder>1</odeNavStructureOrder><odeNavStructureProperties><odeNavStructureProperty><key>titleNode</key><value/></odeNavStructureProperty><odeNavStructureProperty><key>hidePageTitle</key><value>false</value></odeNavStructureProperty><odeNavStructureProperty><key>titleHtml</key><value/></odeNavStructureProperty><odeNavStructureProperty><key>editableInPage</key><value>false</value></odeNavStructureProperty><odeNavStructureProperty><key>titlePage</key><value>Llamado a la acción</value></odeNavStructureProperty><odeNavStructureProperty><key>visibility</key><value>true</value></odeNavStructureProperty><odeNavStructureProperty><key>highlight</key><value>false</value></odeNavStructureProperty><odeNavStructureProperty><key>description</key><value/></odeNavStructureProperty></odeNavStructureProperties><odePagStructures><odePagStructure><odePageId>20251214215157UXYUPA</odePageId><odeBlockId>20251214215157SFTGKB</odeBlockId><blockName>IMPORTANTE</blockName><iconName/><odePagStructureOrder>1</odePagStructureOrder><odePagStructureProperties><odePagStructureProperty><key>visibility</key><value>true</value></odePagStructureProperty><odePagStructureProperty><key>teacherOnly</key><value>false</value></odePagStructureProperty><odePagStructureProperty><key>allowToggle</key><value>true</value></odePagStructureProperty><odePagStructureProperty><key>minimized</key><value>false</value></odePagStructureProperty><odePagStructureProperty><key>identifier</key><value/></odePagStructureProperty><odePagStructureProperty><key>cssClass</key><value/></odePagStructureProperty></odePagStructureProperties><odeComponents><odeComponent><odePageId>20251214215157UXYUPA</odePageId><odeBlockId>20251214215157SFTGKB</odeBlockId><odeIdeviceId>20251214163308981BQQ</odeIdeviceId><odeIdeviceTypeName>text</odeIdeviceTypeName><htmlView>&lt;div class="exe-text-template"&gt;&lt;div class="textIdeviceContent"&gt;
            &lt;div class="exe-text-activity"&gt;
                &lt;div&gt;&lt;p&gt;&lt;strong&gt;Para estudiantes y futuros profesionales:&lt;/strong&gt;&lt;br&gt;Comprendan que la ética empresarial no es un obstáculo para el éxito, sino su fundamento. Prepárense para ser agentes de cambio que prioricen la integridad incluso bajo presión por resultados. Desarrollen el criterio y el coraje para identificar y reportar conductas indebidas sin importar quién las cometa.&lt;/p&gt;
&lt;p&gt;&lt;strong&gt;Para profesionales en ejercicio:&lt;/strong&gt;&lt;br&gt;Evalúen críticamente los controles y la cultura de sus organizaciones. Identifiquen señales de alerta y actúen antes de que pequeños problemas se conviertan en crisis. Sean parte de la solución, no espectadores silenciosos ante conductas cuestionables.&lt;/p&gt;
&lt;p&gt;&lt;strong&gt;Para líderes y directivos:&lt;/strong&gt;&lt;br&gt;Asuman su rol como arquitectos de la cultura organizacional. Inviertan en prevención con la misma seriedad que en estrategia comercial. Recuerden que ningún resultado financiero justifica comprometer la integridad que sostiene la viabilidad a largo plazo de la empresa.&lt;/p&gt;&lt;p class="clearfix"&gt;&lt;/p&gt;&lt;/div&gt;
            &lt;/div&gt;&lt;/div&gt;&lt;/div&gt;</htmlView><jsonProperties>{"ideviceId":"20251214163308981BQQ","textInfoDurationInput":"","textInfoDurationTextInput":"Duración","textInfoParticipantsInput":"","textInfoParticipantsTextInput":"Agrupamiento","textTextarea":"&lt;p&gt;&lt;strong&gt;Para estudiantes y futuros profesionales:&lt;/strong&gt;&lt;br /&gt;Comprendan que la ética empresarial no es un obstáculo para el éxito, sino su fundamento. Prepárense para ser agentes de cambio que prioricen la integridad incluso bajo presión por resultados. Desarrollen el criterio y el coraje para identificar y reportar conductas indebidas sin importar quién las cometa.&lt;/p&gt;\n&lt;p&gt;&lt;strong&gt;Para profesionales en ejercicio:&lt;/strong&gt;&lt;br /&gt;Evalúen críticamente los controles y la cultura de sus organizaciones. Identifiquen señales de alerta y actúen antes de que pequeños problemas se conviertan en crisis. Sean parte de la solución, no espectadores silenciosos ante conductas cuestionables.&lt;/p&gt;\n&lt;p&gt;&lt;strong&gt;Para líderes y directivos:&lt;/strong&gt;&lt;br /&gt;Asuman su rol como arquitectos de la cultura organizacional. Inviertan en prevención con la misma seriedad que en estrategia comercial. Recuerden que ningún resultado financiero justifica comprometer la integridad que sostiene la viabilidad a largo plazo de la empresa.&lt;/p&gt;","textFeedbackInput":"Mostrar retroalimentación","textFeedbackTextarea":""}</jsonProperties><odeComponentsOrder>1</odeComponentsOrder><odeComponentsProperties><odeComponentsProperty><key>visibility</key><value>true</value></odeComponentsProperty><odeComponentsProperty><key>teacherOnly</key><value>false</value></odeComponentsProperty><odeComponentsProperty><key>identifier</key><value/></odeComponentsProperty><odeComponentsProperty><key>cssClass</key><value/></odeComponentsProperty></odeComponentsProperties></odeComponent></odeComponents></odePagStructure></odePagStructures></odeNavStructure><odeNavStructure><odePageId>20251214215157KCYGME</odePageId><odeParentPageId>20251214215157UXYUPA</odeParentPageId><pageName>Reflexión Final</pageName><odeNavStructureOrder>1</odeNavStructureOrder><odeNavStructureProperties><odeNavStructureProperty><key>titleNode</key><value/></odeNavStructureProperty><odeNavStructureProperty><key>hidePageTitle</key><value>false</value></odeNavStructureProperty><odeNavStructureProperty><key>titleHtml</key><value/></odeNavStructureProperty><odeNavStructureProperty><key>editableInPage</key><value>false</value></odeNavStructureProperty><odeNavStructureProperty><key>titlePage</key><value>Reflexión Final</value></odeNavStructureProperty><odeNavStructureProperty><key>visibility</key><value>true</value></odeNavStructureProperty><odeNavStructureProperty><key>highlight</key><value>false</value></odeNavStructureProperty><odeNavStructureProperty><key>description</key><value/></odeNavStructureProperty></odeNavStructureProperties><odePagStructures><odePagStructure><odePageId>20251214215157KCYGME</odePageId><odeBlockId>20251214215157OMLPMP</odeBlockId><blockName>Reflexión final</blockName><iconName/><odePagStructureOrder>1</odePagStructureOrder><odePagStructureProperties><odePagStructureProperty><key>visibility</key><value>true</value></odePagStructureProperty><odePagStructureProperty><key>teacherOnly</key><value>false</value></odePagStructureProperty><odePagStructureProperty><key>allowToggle</key><value>true</value></odePagStructureProperty><odePagStructureProperty><key>minimized</key><value>false</value></odePagStructureProperty><odePagStructureProperty><key>identifier</key><value/></odePagStructureProperty><odePagStructureProperty><key>cssClass</key><value/></odePagStructureProperty></odePagStructureProperties><odeComponents><odeComponent><odePageId>20251214215157KCYGME</odePageId><odeBlockId>20251214215157OMLPMP</odeBlockId><odeIdeviceId>202512141636457614U8</odeIdeviceId><odeIdeviceTypeName>text</odeIdeviceTypeName><htmlView>&lt;div class="exe-text-template"&gt;&lt;div class="textIdeviceContent"&gt;
            &lt;div class="exe-text-activity"&gt;
                &lt;div&gt;&lt;p&gt;Los delitos empresariales no ocurren en el vacío; son el resultado de sistemas débiles, culturas permisivas y liderazgos que priorizan resultados de corto plazo sobre principios fundamentales. La prevención efectiva requiere compromiso sostenido, recursos adecuados y voluntad genuina de hacer lo correcto, incluso cuando es difícil o costoso.&lt;/p&gt;
&lt;p&gt;La pregunta no es si una organización enfrentará tentaciones o presiones para conductas indebidas, sino si habrá construido la infraestructura ética, los controles técnicos y la cultura de integridad necesarios para resistirlas.&lt;/p&gt;
&lt;p&gt;El conocimiento adquirido en este OVA es solo el primer paso. La verdadera diferencia la harán aquellos que lleven estos principios a la práctica diaria, transformando organizaciones desde dentro y elevando los estándares de conducta empresarial en sus industrias y sociedades.&lt;/p&gt;
&lt;p&gt;La integridad corporativa no es un destino, es un compromiso continuo que debe renovarse cada día, en cada decisión, a todos los niveles de la organización.&lt;/p&gt;
&lt;p&gt;&amp;nbsp;&lt;br&gt;&lt;strong&gt;Recursos para profundizar:&lt;/strong&gt;&lt;br&gt;&lt;/p&gt;
&lt;table style="width: 100%; border-collapse: collapse; font-family: Arial; font-size: 15px;"&gt;
&lt;thead&gt;
&lt;tr style="background-color: #003366; color: white;"&gt;
&lt;th style="padding: 10px; border: 1px solid #ddd;"&gt;🌐 Recurso&lt;/th&gt;
&lt;th style="padding: 10px; border: 1px solid #ddd;"&gt;📄 Descripción&lt;/th&gt;
&lt;th style="padding: 10px; border: 1px solid #ddd;"&gt;🔗 Enlace&lt;/th&gt;
&lt;/tr&gt;
&lt;/thead&gt;
&lt;tbody&gt;
&lt;tr&gt;
&lt;td style="padding: 10px; border: 1px solid #ddd;"&gt;Corporate Crime &amp; Fraud Prevention – UK Government&lt;/td&gt;
&lt;td style="padding: 10px; border: 1px solid #ddd;"&gt;Guía oficial del Reino Unido sobre prevención de delitos corporativos y fraude.&lt;/td&gt;
&lt;td style="padding: 10px; border: 1px solid #ddd;"&gt;&lt;a href="https://www.gov.uk/guidance/corporate-crime-and-fraud-prevention" target="_blank" rel="noopener"&gt;https://www.gov.uk/guidance/corporate-crime-and-fraud-prevention&lt;/a&gt;&lt;/td&gt;
&lt;/tr&gt;
&lt;tr&gt;
&lt;td style="padding: 10px; border: 1px solid #ddd;"&gt;DOJ – Corporate Fraud Section (EE. UU.)&lt;/td&gt;
&lt;td style="padding: 10px; border: 1px solid #ddd;"&gt;Información legal y casos de fraude corporativo en Estados Unidos.&lt;/td&gt;
&lt;td style="padding: 10px; border: 1px solid #ddd;"&gt;&lt;a href="https://www.justice.gov/criminal-fraud" target="_blank" rel="noopener"&gt;https://www.justice.gov/criminal-fraud&lt;/a&gt;&lt;/td&gt;
&lt;/tr&gt;
&lt;tr&gt;
&lt;td style="padding: 10px; border: 1px solid #ddd;"&gt;Serious Fraud Office (SFO)&lt;/td&gt;
&lt;td style="padding: 10px; border: 1px solid #ddd;"&gt;Investigaciones y procesos sobre delitos económicos complejos en el Reino Unido.&lt;/td&gt;
&lt;td style="padding: 10px; border: 1px solid #ddd;"&gt;&lt;a href="https://www.sfo.gov.uk" target="_blank" rel="noopener"&gt;https://www.sfo.gov.uk&lt;/a&gt;&lt;/td&gt;
&lt;/tr&gt;
&lt;tr&gt;
&lt;td style="padding: 10px; border: 1px solid #ddd;"&gt;UNODC – Corrupción y Delitos Económicos&lt;/td&gt;
&lt;td style="padding: 10px; border: 1px solid #ddd;"&gt;Recursos globales de Naciones Unidas sobre anticorrupción.&lt;/td&gt;
&lt;td style="padding: 10px; border: 1px solid #ddd;"&gt;&lt;a href="https://www.unodc.org/unodc/en/corruption/index.html" target="_blank" rel="noopener"&gt;https://www.unodc.org/unodc/en/corruption/index.html&lt;/a&gt;&lt;/td&gt;
&lt;/tr&gt;
&lt;/tbody&gt;
&lt;/table&gt;&lt;p class="clearfix"&gt;&lt;/p&gt;&lt;/div&gt;
            &lt;/div&gt;&lt;/div&gt;&lt;/div&gt;</htmlView><jsonProperties>{"ideviceId":"202512141636457614U8","textInfoDurationInput":"","textInfoDurationTextInput":"Duración","textInfoParticipantsInput":"","textInfoParticipantsTextInput":"Agrupamiento","textTextarea":"&lt;p&gt;Los delitos empresariales no ocurren en el vacío; son el resultado de sistemas débiles, culturas permisivas y liderazgos que priorizan resultados de corto plazo sobre principios fundamentales. La prevención efectiva requiere compromiso sostenido, recursos adecuados y voluntad genuina de hacer lo correcto, incluso cuando es difícil o costoso.&lt;/p&gt;\n&lt;p&gt;La pregunta no es si una organización enfrentará tentaciones o presiones para conductas indebidas, sino si habrá construido la infraestructura ética, los controles técnicos y la cultura de integridad necesarios para resistirlas.&lt;/p&gt;\n&lt;p&gt;El conocimiento adquirido en este OVA es solo el primer paso. La verdadera diferencia la harán aquellos que lleven estos principios a la práctica diaria, transformando organizaciones desde dentro y elevando los estándares de conducta empresarial en sus industrias y sociedades.&lt;/p&gt;\n&lt;p&gt;La integridad corporativa no es un destino, es un compromiso continuo que debe renovarse cada día, en cada decisión, a todos los niveles de la organización.&lt;/p&gt;\n&lt;p&gt; &lt;br /&gt;&lt;strong&gt;Recursos para profundizar:&lt;/strong&gt;&lt;br /&gt;&lt;/p&gt;\n&lt;table style=\"width: 100%; border-collapse: collapse; font-family: Arial; font-size: 15px;\"&gt;\n&lt;thead&gt;\n&lt;tr style=\"background-color: #003366; color: white;\"&gt;\n&lt;th style=\"padding: 10px; border: 1px solid #ddd;\"&gt;🌐 Recurso&lt;/th&gt;\n&lt;th style=\"padding: 10px; border: 1px solid #ddd;\"&gt;📄 Descripción&lt;/th&gt;\n&lt;th style=\"padding: 10px; border: 1px solid #ddd;\"&gt;🔗 Enlace&lt;/th&gt;\n&lt;/tr&gt;\n&lt;/thead&gt;\n&lt;tbody&gt;\n&lt;tr&gt;\n&lt;td style=\"padding: 10px; border: 1px solid #ddd;\"&gt;Corporate Crime &amp; Fraud Prevention – UK Government&lt;/td&gt;\n&lt;td style=\"padding: 10px; border: 1px solid #ddd;\"&gt;Guía oficial del Reino Unido sobre prevención de delitos corporativos y fraude.&lt;/td&gt;\n&lt;td style=\"padding: 10px; border: 1px solid #ddd;\"&gt;&lt;a href=\"https://www.gov.uk/guidance/corporate-crime-and-fraud-prevention\" target=\"_blank\" rel=\"noopener\"&gt;https://www.gov.uk/guidance/corporate-crime-and-fraud-prevention&lt;/a&gt;&lt;/td&gt;\n&lt;/tr&gt;\n&lt;tr&gt;\n&lt;td style=\"padding: 10px; border: 1px solid #ddd;\"&gt;DOJ – Corporate Fraud Section (EE. UU.)&lt;/td&gt;\n&lt;td style=\"padding: 10px; border: 1px solid #ddd;\"&gt;Información legal y casos de fraude corporativo en Estados Unidos.&lt;/td&gt;\n&lt;td style=\"padding: 10px; border: 1px solid #ddd;\"&gt;&lt;a href=\"https://www.justice.gov/criminal-fraud\" target=\"_blank\" rel=\"noopener\"&gt;https://www.justice.gov/criminal-fraud&lt;/a&gt;&lt;/td&gt;\n&lt;/tr&gt;\n&lt;tr&gt;\n&lt;td style=\"padding: 10px; border: 1px solid #ddd;\"&gt;Serious Fraud Office (SFO)&lt;/td&gt;\n&lt;td style=\"padding: 10px; border: 1px solid #ddd;\"&gt;Investigaciones y procesos sobre delitos económicos complejos en el Reino Unido.&lt;/td&gt;\n&lt;td style=\"padding: 10px; border: 1px solid #ddd;\"&gt;&lt;a href=\"https://www.sfo.gov.uk\" target=\"_blank\" rel=\"noopener\"&gt;https://www.sfo.gov.uk&lt;/a&gt;&lt;/td&gt;\n&lt;/tr&gt;\n&lt;tr&gt;\n&lt;td style=\"padding: 10px; border: 1px solid #ddd;\"&gt;UNODC – Corrupción y Delitos Económicos&lt;/td&gt;\n&lt;td style=\"padding: 10px; border: 1px solid #ddd;\"&gt;Recursos globales de Naciones Unidas sobre anticorrupción.&lt;/td&gt;\n&lt;td style=\"padding: 10px; border: 1px solid #ddd;\"&gt;&lt;a href=\"https://www.unodc.org/unodc/en/corruption/index.html\" target=\"_blank\" rel=\"noopener\"&gt;https://www.unodc.org/unodc/en/corruption/index.html&lt;/a&gt;&lt;/td&gt;\n&lt;/tr&gt;\n&lt;/tbody&gt;\n&lt;/table&gt;","textFeedbackInput":"Mostrar retroalimentación","textFeedbackTextarea":""}</jsonProperties><odeComponentsOrder>1</odeComponentsOrder><odeComponentsProperties><odeComponentsProperty><key>visibility</key><value>true</value></odeComponentsProperty><odeComponentsProperty><key>teacherOnly</key><value>false</value></odeComponentsProperty><odeComponentsProperty><key>identifier</key><value/></odeComponentsProperty><odeComponentsProperty><key>cssClass</key><value/></odeComponentsProperty></odeComponentsProperties></odeComponent></odeComponents></odePagStructure></odePagStructures></odeNavStructure></odeNavStructures></ode>
